,regionCode
419,369
764,258
125,137
176,136
462,134
428,132
1184,130
24,130
122,129
828,126
70,125
827,120
207,118
1222,117
2418,117
85,116
2615,115
2222,113
759,112
188,111
1757,110
1157,109
272,107
2401,107
424,107
1069,107
3545,107
451,106
129,105
2205,105
450,105
1868,104
309,104
762,104
1051,103
3203,102
190,102
1642,101
1456,101
102,99
1000,99
792,98
1541,98
757,98
360,98
2491,98
703,97
172,97
2446,96
1275,96
1225,95
1438,95
590,95
238,95
979,95
1045,94
1168,94
337,94
1696,94
486,94
1694,94
107,94
1302,94
2154,94
1947,93
3677,93
896,93
1451,93
256,92
1621,92
617,92
3304,92
2710,92
132,92
1294,92
2027,91
1827,91
57,91
1458,90
2208,90
1047,90
233,90
3823,90
538,90
2768,89
291,89
2775,89
1123,89
71,89
730,89
754,88
837,88
374,87
1043,87
624,87
2805,87
2957,87
1259,87
580,87
1134,86
1483,86
4640,86
3763,86
1007,86
449,85
468,85
302,85
1049,85
2025,85
482,85
2986,85
350,85
3024,85
1688,85
1867,84
1997,84
1288,84
2067,84
1040,83
536,83
906,83
1147,83
98,83
153,83
3583,82
249,82
143,82
2907,82
74,82
72,81
1465,81
2107,81
317,81
563,81
795,80
4615,80
1124,80
2093,80
1240,80
637,80
60,80
1654,80
1463,80
542,80
396,80
2423,80
2320,80
998,79
1530,79
882,79
1778,79
1731,79
785,79
1276,79
259,79
3573,79
2053,79
2086,79
261,79
3750,78
1158,78
213,78
381,78
1135,78
2690,78
1293,78
2029,78
1637,78
2251,78
1004,78
942,78
670,77
1555,77
858,77
1590,77
4273,77
491,77
2061,76
831,76
64,76
1233,76
1012,76
2711,76
1156,76
2007,76
222,75
2055,75
551,75
1975,75
1785,75
1377,75
1871,75
2045,75
1695,75
1066,75
2384,75
101,75
1193,75
813,74
31,74
2589,74
4128,74
2528,74
3607,74
698,74
441,74
900,74
728,73
955,73
271,73
752,73
315,73
241,73
2571,73
905,73
1905,73
753,73
3563,73
821,72
36,72
341,72
164,72
886,72
2349,72
715,72
2618,72
3985,72
4333,72
44,72
509,72
2120,71
2128,71
1924,71
791,71
919,71
3519,70
182,70
1350,70
628,70
3650,70
1481,70
562,70
1197,70
290,70
3103,70
1278,69
5133,69
937,69
3227,69
430,69
1912,69
2115,69
147,69
723,69
869,69
1085,69
363,69
1973,69
2887,69
2247,68
1883,68
1552,68
376,68
2042,68
597,68
784,68
1109,68
620,68
1379,68
2600,68
3311,68
2644,68
555,68
3040,68
3690,68
1125,67
3517,67
283,67
1741,67
2111,67
1444,67
2157,67
700,67
2977,66
2013,66
2383,66
1634,66
2083,66
2110,66
2702,66
2716,66
1773,66
170,66
61,66
2436,66
771,65
2261,65
940,65
225,65
2676,65
851,65
1570,65
1565,65
4,65
485,65
1324,65
838,65
3120,65
4420,65
1748,65
343,65
230,65
718,65
328,65
1130,65
93,65
3219,65
1577,64
2009,64
1700,64
1805,64
952,64
1102,64
1143,64
1164,64
689,64
2244,64
1032,64
3463,64
2850,64
1330,64
457,64
1398,63
602,63
1713,63
269,63
394,63
2275,63
2155,63
1818,63
807,63
2482,63
2348,63
90,63
0,63
1291,63
745,63
96,63
1478,63
1539,63
3111,63
2962,63
2118,63
1348,63
690,63
560,63
1027,63
192,63
719,62
3060,62
1326,62
3568,62
3547,62
16,62
1248,62
1264,62
1950,62
1343,62
254,62
2725,62
1009,62
4164,62
708,62
1492,62
1365,61
1070,61
3611,61
2020,61
1506,61
2707,61
2793,61
666,61
1460,61
1507,61
1895,61
2379,61
370,61
1429,61
2509,61
2060,61
3400,61
1980,61
1880,61
465,61
2196,60
2387,60
347,60
23,60
1349,60
2471,60
734,60
3972,60
891,60
1159,60
270,60
3452,60
614,60
138,60
1599,60
610,60
2097,60
860,60
677,60
425,59
1180,59
111,59
2235,59
1801,59
2330,59
49,59
1749,59
3027,59
2163,59
145,59
38,59
1005,59
255,59
636,59
1148,59
1518,59
483,59
3977,59
1270,59
641,59
2603,59
3062,58
1014,58
2005,58
1943,58
114,58
1505,58
2573,58
914,58
1771,58
3057,58
1603,58
880,58
2834,58
605,58
799,58
1878,58
658,58
32,58
1886,58
1425,58
437,57
1041,57
2477,57
1400,57
310,57
1774,57
1391,57
2035,57
3167,57
3855,57
26,57
644,57
3929,57
281,57
1828,57
4446,57
2720,57
1369,57
2024,57
1768,57
539,57
878,57
2122,57
174,57
3149,57
2287,57
1708,57
2563,57
1120,56
2724,56
556,56
1876,56
695,56
2633,56
770,56
3399,56
2088,56
2470,56
656,56
1736,56
2546,56
2078,56
2106,56
709,56
1060,56
904,56
278,56
1740,56
627,56
739,56
423,55
4192,55
1108,55
2982,55
2372,55
251,55
1205,55
1897,55
1763,55
1797,55
964,55
1399,55
1777,55
1089,55
1945,55
2801,55
411,55
1464,55
2108,55
58,55
1572,55
126,55
1960,55
3330,55
2049,54
3970,54
663,54
2512,54
631,54
1508,54
2829,54
2224,54
1356,54
1658,54
694,54
2280,54
1015,54
1437,54
3002,54
2038,54
1992,54
517,54
3826,54
601,54
3197,54
1092,54
668,54
1304,54
1942,54
4170,54
4617,54
968,54
750,54
2854,54
339,54
140,53
1898,53
1504,53
1501,53
3295,53
3548,53
78,53
1726,53
2916,53
409,53
5291,53
2099,53
3113,53
4431,53
292,53
577,53
1961,53
1472,53
2369,53
1831,53
1525,53
1171,53
997,53
2847,53
3848,53
2876,53
806,53
3475,53
573,52
109,52
1580,52
1230,52
4255,52
487,52
667,52
4664,52
327,52
1154,52
358,52
1527,52
1266,52
1493,52
3213,52
3655,52
2680,52
1152,52
1200,52
3719,52
3256,52
1776,52
1098,52
316,52
1861,52
3226,52
586,52
3270,52
1404,52
329,52
1340,52
603,52
582,52
638,51
128,51
1839,51
1652,51
699,51
2658,51
3434,51
1944,51
932,51
1212,51
832,51
545,51
2653,51
2788,51
1551,51
106,51
2340,51
196,51
3527,51
369,51
2352,51
1929,51
414,51
4600,51
17,51
725,51
2317,51
3759,51
1606,50
2102,50
443,50
1299,50
2728,50
1787,50
1937,50
236,50
1281,50
2786,50
1624,50
133,50
303,50
3329,50
1968,50
92,50
1546,50
1793,50
921,50
2740,50
1641,50
1479,50
635,50
1784,50
864,50
2989,50
561,50
1684,50
1902,49
199,49
4247,49
2138,49
3469,49
2613,49
1482,49
2833,49
738,49
4222,49
1659,49
1750,49
933,49
1224,49
936,49
1105,49
1987,49
144,49
1093,49
3242,49
2984,49
113,49
455,49
91,49
2065,49
1303,49
852,48
2947,48
163,48
189,48
1285,48
930,48
1127,48
1813,48
3276,48
1852,48
1450,48
2187,48
2077,48
1402,48
2333,48
1244,48
1415,48
1958,48
284,48
765,48
3871,48
633,48
193,48
1297,48
1775,48
2469,48
2679,48
4319,48
604,48
960,47
1792,47
5385,47
2796,47
1139,47
332,47
3704,47
3866,47
2602,47
3724,47
1979,47
991,47
1576,47
3368,47
2193,47
2664,47
855,47
1581,47
2140,47
2472,47
3923,47
18,47
883,47
2044,47
453,47
197,47
219,47
2272,47
2545,47
304,47
408,47
1759,47
1211,47
340,47
3266,47
1421,47
3080,47
680,46
2726,46
1533,46
266,46
650,46
616,46
554,46
2404,46
3958,46
244,46
1764,46
2285,46
1319,46
702,46
1984,46
52,46
2146,46
250,46
645,46
710,46
1298,46
410,46
929,46
1789,46
662,46
786,46
2826,46
3181,46
4264,46
489,46
1104,46
3528,46
2860,46
521,46
3861,46
1416,46
2064,46
235,46
3541,46
2291,46
4178,46
484,46
480,46
2626,46
1226,46
2594,46
320,45
3140,45
1223,45
429,45
3367,45
10,45
318,45
1080,45
1595,45
2238,45
2502,45
569,45
1434,45
118,45
183,45
2299,45
1575,45
3096,45
559,45
1373,45
4459,45
3697,45
346,45
965,45
2153,45
1873,45
62,45
137,45
208,45
1038,45
3428,45
2656,45
741,45
481,45
1455,45
368,45
3348,45
77,45
1442,45
1153,45
1129,45
833,44
2531,44
3489,44
3451,44
1252,44
3850,44
872,44
787,44
1131,44
308,44
3413,44
3168,44
1537,44
3235,44
4466,44
2937,44
4059,44
2715,44
1077,44
2846,44
1150,44
800,44
1687,44
2089,44
944,44
1626,44
3872,44
2759,44
4052,44
3055,44
1352,44
2185,44
4077,44
1786,44
550,44
639,44
5159,44
911,44
898,44
1953,44
1210,44
218,44
2215,44
5662,44
3886,43
4201,43
1704,43
2935,43
257,43
959,43
1141,43
4024,43
679,43
2906,43
2568,43
2207,43
1734,43
2284,43
442,43
1018,43
927,43
778,43
1690,43
3838,43
607,43
2774,43
3122,43
355,43
2461,43
2422,43
665,43
1996,43
2037,43
4606,43
1088,43
3842,43
2523,43
1983,43
148,43
2124,43
1875,43
899,43
976,43
3631,43
2391,43
5220,43
12,43
166,43
4805,43
2397,43
956,43
3955,43
3074,43
1338,43
4198,43
967,43
240,43
3265,43
1412,43
4309,43
2818,43
1806,43
2190,43
1819,43
4960,43
253,43
2625,43
388,43
3948,43
1389,42
1030,42
2965,42
853,42
5112,42
2484,42
448,42
403,42
565,42
345,42
1283,42
3825,42
282,42
707,42
1903,42
2417,42
2821,42
4474,42
1361,42
772,42
1639,42
2165,42
4398,42
3649,42
941,42
3155,42
4545,42
3638,42
1814,42
2167,42
2816,42
4370,42
94,42
3190,42
1447,42
29,42
788,42
2202,42
127,42
3661,42
950,42
1531,42
515,42
108,42
910,42
1516,42
2407,42
1803,42
1585,42
1312,42
4218,42
902,42
1207,41
1635,41
2927,41
1381,41
2232,41
1780,41
3283,41
3151,41
2722,41
724,41
530,41
4046,41
3904,41
3026,41
2046,41
2981,41
2803,41
720,41
3418,41
1901,41
3272,41
3979,41
398,41
305,41
3708,41
3516,41
2931,41
890,41
820,41
4355,41
3518,41
1850,41
1627,41
1858,41
152,41
2685,41
55,41
767,41
2312,41
3300,41
3351,41
2973,41
1615,41
4025,41
525,41
2812,41
676,41
2747,41
2050,40
2872,40
1021,40
1515,40
2514,40
3012,40
2283,40
543,40
2749,40
4464,40
1362,40
4463,40
2147,40
1625,40
130,40
4503,40
2672,40
146,40
289,40
4200,40
3047,40
2426,40
3341,40
804,40
935,40
2504,40
4829,40
2258,40
1002,40
2342,40
867,40
1825,40
6,40
4694,40
2127,40
1271,40
229,40
3582,40
2012,40
4808,40
2599,40
3840,40
742,40
4434,40
814,40
520,40
1213,40
805,40
2132,40
2169,40
1073,40
5239,40
1598,40
1899,39
2424,39
123,39
2496,39
1126,39
1843,39
2583,39
5266,39
2170,39
3829,39
2748,39
124,39
2949,39
2274,39
793,39
2830,39
755,39
2703,39
2160,39
1466,39
1301,39
1969,39
888,39
3933,39
4186,39
1368,39
3088,39
713,39
1770,39
595,39
1155,39
4019,39
5073,39
4397,39
4386,39
34,39
4844,39
4107,39
2661,39
1553,39
2293,39
1991,39
5819,39
3357,39
865,39
6039,39
3487,39
5,39
274,39
2714,39
3544,39
3832,39
672,39
3281,39
1128,39
3101,39
5045,39
4357,39
4513,38
870,38
5558,38
1967,38
1783,38
2359,38
1357,38
4029,38
75,38
2435,38
3558,38
4237,38
3046,38
389,38
1006,38
3145,38
1470,38
1422,38
3078,38
1189,38
3220,38
2250,38
46,38
4004,38
2242,38
2072,38
3273,38
593,38
4212,38
3646,38
4866,38
1822,38
3873,38
5240,38
3042,38
2213,38
2226,38
45,38
2178,38
1536,38
1385,38
2893,38
434,38
4882,38
1058,38
1846,38
1848,38
2813,38
953,38
1074,37
4062,37
2645,37
4976,37
1887,37
4580,37
3031,37
2248,37
1610,37
3627,37
76,37
2519,37
298,37
2054,37
2182,37
5206,37
2002,37
697,37
862,37
3674,37
5109,37
4261,37
2445,37
2431,37
3747,37
1318,37
1670,37
2362,37
963,37
4548,37
2199,37
3459,37
2883,37
4336,37
1925,37
2651,37
2324,37
5181,37
1268,37
1727,37
1480,37
3076,37
2062,37
3323,37
4244,37
1630,37
4419,37
4543,37
1410,37
568,37
1685,37
2135,37
829,37
5227,37
4954,36
1440,36
4182,36
3360,36
3490,36
1556,36
2869,36
3296,36
2593,36
2073,36
1703,36
1476,36
420,36
2772,36
1179,36
587,36
4528,36
1798,36
4919,36
3199,36
2915,36
4388,36
3757,36
3623,36
1500,36
1712,36
319,36
3225,36
1142,36
3436,36
5442,36
2186,36
30,36
1039,36
2998,36
1956,36
406,36
583,36
4340,36
372,36
2139,36
4916,36
512,36
2143,36
136,36
4007,36
395,36
3565,36
2130,36
2608,36
325,36
2119,36
4491,36
3017,36
2848,36
467,36
1079,35
2057,35
3293,35
2754,35
4723,35
4271,35
856,35
1086,35
1475,35
2263,35
159,35
796,35
776,35
89,35
1866,35
3980,35
2535,35
4770,35
3953,35
22,35
2136,35
2018,35
2549,35
1678,35
5748,35
2507,35
696,35
3045,35
4861,35
3995,35
11,35
3398,35
4775,35
1569,35
3233,35
3244,35
1187,35
1075,35
2032,35
1067,35
3072,35
3392,35
4426,35
4217,35
861,35
1993,35
3388,35
3129,35
378,35
923,35
5187,35
2096,35
3345,35
3335,35
466,35
3038,34
1234,34
2619,34
3749,34
504,34
716,34
4535,34
3307,34
2398,34
4605,34
277,34
3015,34
3574,34
1567,34
3402,34
2466,34
2036,34
1078,34
2345,34
3726,34
1296,34
3083,34
3632,34
3594,34
4016,34
2557,34
2756,34
2870,34
570,34
4161,34
3969,34
1733,34
439,34
2693,34
1612,34
1917,34
1550,34
5731,34
2536,34
28,34
2389,34
3943,34
2313,34
1891,34
447,34
5118,34
5456,34
3298,34
2609,34
4482,34
1705,34
214,34
3218,34
1046,34
1766,34
3212,34
1083,34
4339,34
2978,34
4922,34
501,34
1198,34
1380,34
648,34
2211,34
263,34
5097,34
844,34
1206,34
2051,33
585,33
2517,33
647,33
5485,33
5283,33
3546,33
874,33
3552,33
475,33
37,33
1443,33
3658,33
4065,33
3285,33
5475,33
1561,33
1920,33
894,33
1091,33
1170,33
2439,33
1811,33
1578,33
824,33
5053,33
1242,33
4135,33
4027,33
1845,33
948,33
579,33
5337,33
4086,33
736,33
859,33
390,33
3130,33
834,33
1445,33
2219,33
2091,33
841,33
1534,33
3354,33
3394,33
2738,33
671,33
4558,33
4211,33
4901,33
3521,33
258,33
307,33
612,33
1406,33
3320,33
66,33
1760,33
2318,33
951,33
1413,33
1761,33
1589,33
1976,33
5354,33
2433,33
3108,32
4627,32
3297,32
943,32
4781,32
2590,32
3210,32
3789,32
4034,32
3431,32
175,32
726,32
1220,32
2123,32
1802,32
3259,32
3109,32
2976,32
3067,32
3454,32
2996,32
469,32
3761,32
5306,32
3059,32
1111,32
245,32
3102,32
1719,32
300,32
2131,32
1877,32
1386,32
1742,32
913,32
3325,32
1315,32
1946,32
4713,32
413,32
243,32
3988,32
2879,32
1796,32
946,32
3132,32
4937,32
2264,32
4999,32
3874,32
1052,32
2914,32
1192,32
591,32
3274,32
1609,32
3862,32
3628,32
1916,32
897,32
606,32
2910,32
4512,32
79,32
2814,32
3396,32
217,32
2145,32
1332,32
1328,32
3925,32
2443,32
2014,32
1101,32
326,32
2281,31
141,31
2421,31
1816,31
5550,31
1452,31
2486,31
287,31
384,31
5098,31
4238,31
3938,31
2411,31
2221,31
1096,31
3095,31
803,31
2076,31
2180,31
5559,31
2783,31
3817,31
13,31
1151,31
73,31
2706,31
2595,31
5348,31
382,31
4887,31
1549,31
691,31
2591,31
3931,31
54,31
2476,31
3622,31
4959,31
1985,31
2373,31
4768,31
535,31
324,31
2713,31
2063,31
5125,31
3255,31
2663,31
1320,31
4498,31
2458,31
4453,31
2141,31
2859,31
2630,31
3467,31
210,31
2561,31
1253,31
3089,31
4096,31
444,31
185,31
5911,31
417,31
156,31
1832,31
889,31
3041,31
1196,31
999,31
2229,31
3081,31
2357,31
503,31
1202,31
3183,31
1490,31
4465,31
2628,31
1172,31
1617,31
1132,31
187,31
4456,31
1820,31
21,30
4058,30
2105,30
110,30
68,30
2172,30
907,30
234,30
615,30
2980,30
2705,30
777,30
3695,30
3926,30
3,30
3730,30
4233,30
1107,30
5564,30
2650,30
3603,30
4299,30
2753,30
3857,30
706,30
4753,30
3780,30
2569,30
2777,30
2857,30
1061,30
2026,30
2900,30
2075,30
3494,30
4094,30
412,30
1174,30
2184,30
3610,30
519,30
2304,30
385,30
4935,30
977,30
1932,30
701,30
117,30
2681,30
338,30
2792,30
2079,30
1260,30
4008,30
4767,30
5963,30
3230,30
5780,30
961,30
808,30
4703,30
4079,30
1513,30
5121,30
2350,30
1657,30
1591,30
3461,30
1706,30
2246,30
2666,30
3030,29
4739,29
3999,29
2301,29
367,29
2940,29
3075,29
2670,29
733,29
1072,29
1544,29
1971,29
2286,29
4643,29
1094,29
1372,29
4152,29
2499,29
2773,29
3624,29
915,29
3068,29
2767,29
3811,29
2636,29
204,29
5234,29
1835,29
3417,29
3172,29
5666,29
3784,29
1931,29
1928,29
4516,29
599,29
3085,29
2000,29
1709,29
2800,29
729,29
4635,29
3504,29
4116,29
2358,29
5195,29
673,29
4179,29
4103,29
220,29
2408,29
2303,29
5658,29
3478,29
2403,29
440,29
3465,29
3945,29
6382,29
3912,29
1122,29
2820,29
1331,29
149,29
1914,29
375,29
1788,29
2483,29
2430,29
4566,29
1926,28
1799,28
161,28
139,28
3261,28
1017,28
1117,28
4348,28
5173,28
681,28
1826,28
2158,28
1436,28
661,28
493,28
2694,28
1618,28
2394,28
1514,28
351,28
3572,28
3844,28
3340,28
1972,28
1632,28
3093,28
3169,28
3331,28
2951,28
2577,28
2969,28
1363,28
5177,28
2033,28
4290,28
2021,28
14,28
2223,28
4194,28
5950,28
4951,28
6276,28
5061,28
3433,28
357,28
2420,28
1454,28
2525,28
5056,28
2646,28
3909,28
4854,28
654,28
2156,28
2991,28
3065,28
1280,28
5495,28
2468,28
2822,28
2233,28
4105,28
1160,28
150,28
1653,28
4572,28
2344,28
2265,28
2278,28
3509,28
1029,28
674,28
1376,28
2023,28
3702,28
1936,28
2116,28
3833,27
1587,27
2778,27
1751,27
576,27
5054,27
3522,27
2548,27
1359,27
4154,27
2853,27
4100,27
1557,27
1986,27
1100,27
4657,27
1966,27
3736,27
264,27
3287,27
59,27
4330,27
1815,27
746,27
4769,27
2842,27
2220,27
4045,27
4286,27
1810,27
4451,27
1307,27
1309,27
1327,27
1263,27
544,27
3427,27
3364,27
1273,27
1003,27
758,27
2675,27
215,27
4886,27
416,27
2665,27
1906,27
3254,27
1841,27
3409,27
1674,27
471,27
1246,27
2173,27
2913,27
6212,27
1036,27
42,27
3334,27
4531,27
3069,27
169,27
3804,27
2555,27
2126,27
3742,27
1418,27
2103,27
5088,27
2841,27
3835,27
1274,27
275,27
4207,27
1370,27
1394,27
974,27
1548,27
3302,27
1269,27
1857,27
3269,27
1265,27
3309,27
2733,27
4303,27
686,27
3836,27
1188,26
2133,26
1448,26
3657,26
1977,26
1608,26
4367,26
2,26
574,26
3128,26
4749,26
2337,26
2637,26
2917,26
6185,26
2485,26
1611,26
1084,26
4209,26
3837,26
3000,26
3712,26
2530,26
1145,26
4506,26
3160,26
2134,26
1390,26
822,26
1772,26
3767,26
3245,26
2750,26
502,26
4874,26
2918,26
2527,26
5295,26
5084,26
769,26
2607,26
2649,26
1334,26
4478,26
2346,26
3606,26
3911,26
5225,26
2739,26
2174,26
4576,26
2757,26
1673,26
4441,26
712,26
348,26
5752,26
1417,26
6450,26
524,26
1588,26
516,26
3788,26
2961,26
297,26
1854,26
2331,26
4281,26
321,26
5137,26
4969,26
766,26
4142,26
1255,26
1395,26
527,26
3641,26
4904,26
5398,26
2308,26
3013,26
5609,26
4889,26
1714,26
3877,26
3992,26
3142,26
2586,26
4073,26
526,26
687,26
1403,26
4278,26
200,25
179,25
3815,25
4722,25
1583,25
2657,25
5025,25
1954,25
2498,25
4361,25
2839,25
452,25
2059,25
2168,25
4236,25
1829,25
3973,25
239,25
5623,25
3246,25
2030,25
3369,25
3711,25
970,25
3303,25
3495,25
875,25
4742,25
2888,25
4048,25
1809,25
558,25
1558,25
1405,25
1208,25
1345,25
3094,25
1146,25
1191,25
97,25
405,25
3856,25
5853,25
5282,25
621,25
4527,25
704,25
3699,25
99,25
2239,25
3939,25
4493,25
1755,25
2695,25
675,25
3268,25
4732,25
1019,25
4946,25
2334,25
1236,25
1844,25
2605,25
1860,25
1808,25
1930,25
2766,25
4673,25
333,25
3896,25
5299,25
4977,25
3301,25
399,25
8,25
4646,25
3419,25
4638,25
4097,25
5184,25
354,25
847,25
1538,25
5284,25
4249,25
5610,25
3710,25
2744,25
749,25
3039,25
3937,25
2763,25
2428,25
5377,25
2409,25
2356,25
1919,25
3884,25
849,25
5570,24
495,24
5575,24
349,24
6182,24
3957,24
2011,24
3529,24
5012,24
2997,24
2858,24
1963,24
3605,24
1485,24
2721,24
3727,24
2659,24
3588,24
2311,24
1957,24
1441,24
1522,24
2559,24
2999,24
116,24
835,24
2162,24
2533,24
3781,24
366,24
202,24
1076,24
1710,24
4719,24
1341,24
2924,24
4707,24
2243,24
3097,24
1321,24
3216,24
1756,24
5638,24
6517,24
5339,24
2017,24
4632,24
4087,24
3138,24
737,24
1542,24
5627,24
1396,24
4325,24
288,24
4779,24
3879,24
51,24
1261,24
4225,24
1016,24
4789,24
3191,24
2902,24
342,24
3271,24
619,24
4855,24
2617,24
1375,24
622,24
4060,24
2375,24
4986,24
1071,24
4845,24
1747,24
1865,24
2960,24
3306,24
1503,24
1353,24
2166,24
4202,24
2541,24
4556,24
95,24
1163,24
4932,24
993,24
4648,24
3897,24
4909,23
2125,23
4475,23
4807,23
4499,23
4843,23
2388,23
987,23
5238,23
6250,23
2797,23
4688,23
1411,23
506,23
763,23
5449,23
1511,23
4628,23
3659,23
611,23
747,23
3956,23
609,23
4613,23
4332,23
4307,23
4468,23
1676,23
3474,23
2667,23
426,23
2405,23
2001,23
3178,23
242,23
4399,23
3982,23
1057,23
5237,23
3023,23
373,23
3678,23
6196,23
194,23
5633,23
751,23
2905,23
2298,23
5556,23
5099,23
1140,23
2717,23
4054,23
3125,23
3264,23
2760,23
1378,23
1013,23
4220,23
4108,23
5296,23
3016,23
3339,23
659,23
5416,23
957,23
1110,23
850,23
1037,23
954,23
2799,23
6187,23
4437,23
1620,23
3299,23
3577,23
216,23
4712,23
4246,23
4682,23
4762,23
2343,23
2518,23
5767,23
4011,23
3743,23
4848,23
4422,23
6929,23
4112,23
5005,23
4406,23
1981,23
3940,23
181,23
6384,23
1401,23
4944,23
361,23
404,23
3686,23
35,23
3184,23
1842,23
1397,23
1628,23
268,23
1339,23
1526,23
1941,23
1989,23
2188,23
3813,23
1310,23
3533,23
629,23
2780,23
4755,23
1744,23
4692,22
4971,22
743,22
714,22
5534,22
2463,22
1790,22
2640,22
6845,22
2503,22
2410,22
529,22
5364,22
4974,22
5674,22
3590,22
572,22
1306,22
492,22
3346,22
6120,22
1486,22
4667,22
2506,22
3683,22
3353,22
1461,22
4681,22
1426,22
2419,22
1106,22
1691,22
2743,22
2442,22
3277,22
4407,22
5096,22
1185,22
925,22
1347,22
1333,22
301,22
3222,22
5010,22
2909,22
2612,22
1921,22
6403,22
167,22
1056,22
2963,22
4180,22
4313,22
2353,22
5463,22
3530,22
2467,22
4165,22
4390,22
331,22
1313,22
4771,22
6351,22
3754,22
5103,22
4757,22
903,22
782,22
2701,22
3124,22
3020,22
1474,22
2526,22
3143,22
1765,22
1633,22
402,22
2925,22
3922,22
1498,22
1371,22
533,22
135,22
2934,22
4967,22
3207,22
1847,22
3932,22
4000,22
5535,22
3662,22
4985,22
1600,22
1888,22
581,22
1114,22
1836,22
4276,22
3714,21
5840,21
5278,21
2574,21
2867,21
4213,21
4268,21
1564,21
3526,21
2643,21
2730,21
2494,21
2560,21
3707,21
3898,21
4982,21
4455,21
6512,21
2228,21
5651,21
1250,21
1087,21
2361,21
155,21
2562,21
2305,21
3536,21
2941,21
5625,21
1228,21
6409,21
945,21
1629,21
2201,21
2095,21
995,21
1203,21
3358,21
3643,21
868,21
2953,21
2582,21
1190,21
836,21
2516,21
664,21
2100,21
3785,21
588,21
1560,21
5480,21
1177,21
4421,21
87,21
1382,21
1217,21
1095,21
6463,21
4596,21
4540,21
1855,21
2956,21
5267,21
3425,21
3408,21
4514,21
678,21
5367,21
5641,21
3280,21
3313,21
6357,21
1431,21
6866,21
721,21
3480,21
6044,21
3978,21
1881,21
1840,21
4911,21
1812,21
105,21
514,21
4730,21
3586,21
4966,21
3243,21
1940,21
5081,21
1974,21
3880,21
4817,21
6820,21
121,21
262,21
6762,20
513,20
191,20
3238,20
1499,20
1028,20
534,20
4764,20
760,20
4500,20
1254,20
3426,20
3595,20
5839,20
3687,20
3134,20
3382,20
3672,20
39,20
296,20
3200,20
2884,20
3029,20
4041,20
3393,20
2460,20
2683,20
3918,20
1113,20
2450,20
3597,20
2875,20
2904,20
6732,20
5757,20
3798,20
4349,20
2542,20
5441,20
5105,20
4574,20
4133,20
4793,20
2490,20
1050,20
1698,20
4668,20
4101,20
2314,20
4254,20
5509,20
2489,20
2354,20
4956,20
4266,20
4418,20
4363,20
1911,20
83,20
1166,20
142,20
3420,20
6068,20
4947,20
392,20
2109,20
5774,20
4970,20
2534,20
4731,20
5470,20
3600,20
3342,20
2554,20
3580,20
1592,20
1962,20
3993,20
3758,20
4839,20
3822,20
4571,20
1407,20
212,20
2789,20
473,20
5134,20
5089,20
3507,20
2849,20
205,20
3652,20
3868,20
3543,20
4291,20
4396,20
3962,20
1138,20
3187,20
5484,20
5208,20
717,20
5942,20
3366,20
842,20
3491,20
2368,20
2161,20
928,20
3050,20
5546,20
3612,20
3444,20
4032,20
2510,20
2016,19
2585,19
3891,19
5086,19
5314,19
6239,19
1024,19
1054,19
4374,19
3288,19
625,19
2921,19
4181,19
470,19
789,19
3441,19
3053,19
178,19
780,19
458,19
3064,19
975,19
6368,19
972,19
4187,19
427,19
5059,19
1682,19
2297,19
1563,19
3352,19
1859,19
1495,19
4322,19
6113,19
364,19
4412,19
5782,19
3581,19
4838,19
3843,19
1329,19
4013,19
4734,19
2938,19
1955,19
5060,19
3564,19
5419,19
1420,19
812,19
474,19
2090,19
934,19
4727,19
5847,19
4584,19
5312,19
4469,19
3532,19
3602,19
3502,19
4043,19
3671,19
4592,19
982,19
893,19
2321,19
6530,19
3901,19
20,19
3515,19
6980,19
2183,19
1229,19
6908,19
3875,19
6939,19
160,19
5585,19
2225,19
4132,19
3914,19
2819,19
4174,19
3161,19
4577,19
84,19
2584,19
3437,19
2556,19
3087,19
5009,19
431,19
4763,19
3512,19
5341,19
2081,19
2540,19
4806,19
3705,19
2970,19
962,19
1800,19
3635,19
6060,19
2179,19
1428,19
2039,19
6639,19
5404,19
3365,19
3746,19
40,19
1360,19
3373,19
5516,19
2307,19
797,19
1994,18
3681,18
3976,18
3905,18
497,18
5850,18
4846,18
5951,18
3290,18
4505,18
2259,18
884,18
3141,18
794,18
4532,18
3882,18
3907,18
344,18
781,18
4148,18
1884,18
4820,18
2522,18
3739,18
2256,18
3310,18
4110,18
2478,18
2966,18
6017,18
578,18
3412,18
4156,18
5269,18
1173,18
4604,18
1523,18
3383,18
2260,18
3278,18
5014,18
2216,18
5402,18
1837,18
908,18
1566,18
3326,18
3414,18
5502,18
2712,18
2729,18
393,18
3783,18
2784,18
6074,18
2296,18
4017,18
3185,18
643,18
4177,18
5517,18
3429,18
5804,18
4166,18
4736,18
165,18
2836,18
1554,18
4044,18
3809,18
6259,18
3772,18
4010,18
2861,18
1849,18
461,18
2475,18
3679,18
2610,18
528,18
4867,18
7281,18
5604,18
1737,18
2114,18
1791,18
1702,18
1680,18
3251,18
5644,18
6058,18
7279,18
5454,18
3604,18
3439,18
2742,18
5919,18
5435,18
642,18
454,18
5547,18
4873,18
1053,18
3312,18
5399,18
1167,18
6291,18
939,18
996,18
4329,18
2452,18
4378,18
1082,18
981,17
598,17
4320,17
2877,17
1720,17
2945,17
4472,17
2995,17
2360,17
4864,17
1311,17
5725,17
2043,17
4494,17
3407,17
2891,17
4825,17
5011,17
476,17
4028,17
3493,17
3010,17
2034,17
5755,17
2806,17
6840,17
4875,17
1795,17
3456,17
5830,17
3440,17
1487,17
6327,17
6578,17
3845,17
3291,17
4258,17
4706,17
2639,17
5948,17
732,17
4305,17
4023,17
5043,17
6227,17
2402,17
5185,17
3486,17
4253,17
3942,17
488,17
3689,17
4413,17
6088,17
5274,17
3349,17
4311,17
3895,17
2912,17
1559,17
5201,17
5806,17
2751,17
1216,17
2550,17
2004,17
2975,17
3370,17
5798,17
3535,17
4122,17
845,17
4822,17
5855,17
3236,17
4589,17
195,17
5168,17
4908,17
790,17
5542,17
1662,17
3618,17
1671,17
1636,17
1853,17
3974,17
1909,17
5872,17
1745,17
6124,17
3996,17
5540,17
2406,17
1754,17
4618,17
3915,17
2895,17
826,17
5789,17
1715,17
4984,17
1484,17
3471,17
5189,17
4402,17
6233,17
1432,17
2678,17
4134,17
4883,17
4693,17
3549,17
4214,17
3771,17
5915,17
3378,17
2474,17
6393,17
986,17
1,17
6680,17
4040,17
1834,17
3084,17
6165,17
2827,17
2508,17
3630,17
3664,17
5551,17
1830,17
6489,17
6110,17
6418,17
3294,17
5230,17
887,17
1697,17
6080,17
56,17
1594,17
4995,17
2457,17
2325,17
386,17
4203,17
3337,17
1998,17
2254,17
3146,17
909,17
1851,17
5461,17
5427,17
5191,17
4993,17
3917,17
5743,17
5160,17
3863,17
3505,17
4022,16
3892,16
3501,16
362,16
5500,16
498,16
2071,16
4858,16
3144,16
2755,16
5080,16
69,16
3347,16
400,16
446,16
3170,16
3192,16
3361,16
6292,16
4262,16
2230,16
2176,16
3157,16
613,16
5799,16
4955,16
4801,16
2810,16
1833,16
3079,16
1337,16
371,16
4157,16
3355,16
2882,16
3430,16
6313,16
5679,16
4423,16
3308,16
3830,16
1064,16
5317,16
4223,16
2587,16
2112,16
5016,16
2592,16
3540,16
2983,16
6062,16
3006,16
3267,16
3500,16
4581,16
5249,16
2968,16
4371,16
4269,16
984,16
6729,16
2567,16
4183,16
2376,16
5361,16
5420,16
1524,16
6383,16
5779,16
3077,16
4518,16
2447,16
6443,16
477,16
478,16
507,16
3100,16
1862,16
5078,16
4489,16
5039,16
5248,16
3384,16
3107,16
2144,16
4517,16
4626,16
1970,16
2058,16
3849,16
293,16
6750,16
5605,16
48,16
4070,16
3209,16
5978,16
5595,16
3725,16
1097,16
2149,16
2493,16
1915,16
2068,16
3003,16
1235,16
248,16
5933,16
2896,16
4445,16
6369,16
685,16
3070,16
1414,16
5083,16
5985,16
6329,16
1346,16
761,16
1817,16
494,16
2290,16
3332,16
171,16
5552,16
1136,16
6132,16
3211,16
3718,16
5736,16
4529,16
5052,16
1279,16
2825,16
3166,16
3477,16
1435,16
6002,16
4283,16
811,16
2920,16
1896,16
1178,16
1099,16
3066,16
1462,16
5279,15
5807,15
1467,15
5728,15
227,15
3007,15
4896,15
6831,15
4457,15
3158,15
5130,15
4248,15
4522,15
3803,15
2791,15
1664,15
3910,15
768,15
3629,15
1231,15
4785,15
6006,15
3221,15
2415,15
323,15
2189,15
4565,15
4891,15
2691,15
2505,15
4814,15
4230,15
3983,15
2322,15
3828,15
2240,15
3458,15
4263,15
5703,15
1121,15
1186,15
3795,15
971,15
3971,15
518,15
3663,15
4680,15
2620,15
5165,15
2316,15
2310,15
3760,15
5737,15
2197,15
5918,15
4153,15
1227,15
1623,15
1753,15
1384,15
6129,15
2257,15
209,15
3637,15
27,15
4159,15
922,15
3751,15
774,15
1651,15
2390,15
1655,15
211,15
3864,15
990,15
4282,15
4067,15
224,15
1169,15
5408,15
2922,15
3859,15
6247,15
1882,15
2241,15
992,15
2794,15
6518,15
809,15
154,15
3591,15
3021,15
2979,15
4120,15
3919,15
3510,15
1990,15
4089,15
2817,15
3422,15
881,15
365,15
2611,15
1597,15
5766,15
552,15
5417,15
3390,15
6672,15
4786,15
1199,15
3466,15
6135,15
4981,15
3214,15
5243,15
5162,15
4091,15
6344,15
3576,15
5170,15
2736,15
711,15
4554,15
88,15
5515,15
4188,15
2635,15
1746,15
6557,15
2942,15
1872,15
3182,15
2117,15
6367,15
3204,15
1282,15
6838,15
5070,15
4326,15
4696,15
4677,15
5252,15
3534,15
3703,15
5802,15
1272,15
1366,15
6106,15
1520,15
5897,15
1022,15
2385,15
7184,15
2328,15
4927,15
4277,15
4690,15
6027,15
3250,15
4623,15
415,15
901,15
2159,15
6057,15
4102,15
3318,15
2990,15
103,15
1335,15
949,15
2863,14
201,14
1939,14
4292,14
6311,14
4519,14
4553,14
6535,14
1477,14
6774,14
541,14
1020,14
744,14
4701,14
5384,14
2396,14
3889,14
5436,14
265,14
5940,14
5074,14
4816,14
985,14
2898,14
3206,14
4056,14
3198,14
5324,14
2831,14
4298,14
3359,14
5563,14
2413,14
6586,14
2689,14
779,14
6183,14
4669,14
1622,14
5655,14
4594,14
3049,14
2087,14
4747,14
82,14
3379,14
5285,14
2864,14
2399,14
6469,14
4143,14
6295,14
5863,14
4197,14
2552,14
3670,14
4776,14
4671,14
6974,14
4876,14
3625,14
3967,14
3450,14
5138,14
2309,14
2427,14
1894,14
2437,14
3821,14
2614,14
3234,14
2335,14
4088,14
815,14
223,14
3022,14
2269,14
2737,14
3229,14
1686,14
4440,14
989,14
4215,14
6199,14
472,14
5794,14
4705,14
47,14
547,14
4272,14
2279,14
5143,14
4250,14
198,14
2262,14
6065,14
6140,14
5469,14
6364,14
5095,14
5126,14
6133,14
3617,14
825,14
4485,14
3381,14
5218,14
5579,14
6282,14
3091,14
1593,14
2113,14
2785,14
3997,14
1667,14
5063,14
1752,14
4663,14
1964,14
3482,14
336,14
2237,14
4144,14
1900,14
5612,14
7393,14
5681,14
1322,14
3186,14
2380,14
3648,14
3779,14
3800,14
2289,14
4567,14
203,14
3831,14
4362,14
1011,14
5865,14
3968,14
312,14
6036,14
2641,14
5810,14
3118,14
463,14
4039,14
783,14
5046,14
1910,14
6177,14
33,14
6784,14
4832,14
6016,14
4509,14
5995,14
5705,14
4318,14
594,14
3105,14
1218,14
3964,13
4836,13
3673,13
2367,13
1221,13
2886,13
5075,13
6278,13
5262,13
6815,13
3693,13
6149,13
5149,13
4036,13
3596,13
2249,13
4599,13
314,13
3682,13
6072,13
2374,13
2959,13
43,13
5607,13
2459,13
1782,13
4147,13
2823,13
2950,13
4337,13
4745,13
3019,13
1922,13
2255,13
3555,13
2677,13
3860,13
3959,13
383,13
1165,13
2581,13
3025,13
4573,13
5276,13
3179,13
6150,13
873,13
4411,13
5560,13
6738,13
2511,13
464,13
6207,13
660,13
3569,13
2400,13
1295,13
5649,13
1724,13
2662,13
4579,13
4316,13
6521,13
2544,13
1342,13
5203,13
3176,13
3362,13
5921,13
5414,13
863,13
2597,13
4538,13
4242,13
3615,13
3846,13
4880,13
2315,13
5232,13
2465,13
4204,13
2671,13
3397,13
4964,13
3208,13
7080,13
3052,13
4782,13
4293,13
649,13
2386,13
817,13
5533,13
1644,13
2601,13
5562,13
4479,13
5477,13
4071,13
810,13
5720,13
4972,13
6155,13
4746,13
6884,13
3665,13
3865,13
1112,13
5066,13
2596,13
6580,13
705,13
2101,13
1543,13
379,13
1528,13
6714,13
4665,13
4083,13
232,13
3613,13
5042,13
2351,13
3035,13
6527,13
3116,13
1699,13
3048,13
4021,13
158,13
4137,13
4289,13
2365,13
3713,13
3115,13
4380,13
3685,13
2412,13
2623,13
3473,13
5730,13
5091,13
802,13
3737,13
285,13
2758,13
2378,13
2669,13
6913,13
5602,13
1723,13
2497,13
6737,13
2588,13
2709,13
5838,13
5851,13
3104,13
630,13
4689,13
5421,13
5209,13
3090,13
3723,13
4006,13
3738,13
3924,13
4968,13
5657,13
6115,13
5928,13
1292,13
2944,13
3338,13
3806,13
4666,13
4005,13
4030,13
6987,13
5906,13
3135,13
1693,13
459,13
5972,13
2843,12
4234,12
5127,12
6882,12
5079,12
2151,12
1201,12
1728,12
2501,12
4031,12
7312,12
5082,12
1879,12
3224,12
4502,12
5037,12
1892,12
5450,12
5175,12
3960,12
2438,12
2840,12
5343,12
4928,12
1647,12
5557,12
2761,12
5876,12
4625,12
1215,12
4379,12
2177,12
6899,12
2553,12
918,12
4428,12
4655,12
6632,12
1607,12
846,12
3343,12
1408,12
2332,12
1308,12
2923,12
2019,12
3443,12
1663,12
2798,12
2719,12
5293,12
4654,12
1344,12
4099,12
5536,12
5762,12
3733,12
3344,12
5131,12
2943,12
926,12
5058,12
1701,12
5712,12
86,12
1519,12
634,12
6151,12
5158,12
6096,12
3127,12
5440,12
4799,12
5772,12
1893,12
5493,12
4026,12
4766,12
4385,12
4740,12
1175,12
4708,12
1374,12
584,12
1718,12
4109,12
2899,12
966,12
3159,12
7056,12
267,12
651,12
6172,12
2425,12
4720,12
3123,12
3920,12
3870,12
5286,12
1729,12
5912,12
5265,12
6167,12
1999,12
3009,12
5998,12
5549,12
5123,12
4442,12
1502,12
4612,12
3314,12
2993,12
4155,12
3154,12
4583,12
5592,12
735,12
6178,12
2648,12
3092,12
4035,12
6090,12
2277,12
1540,12
6181,12
2270,12
15,12
4331,12
6179,12
7234,12
5180,12
5040,12
4651,12
3279,12
5264,12
5222,12
3949,12
4758,12
3086,12
4841,12
134,12
5739,12
6359,12
4835,12
6075,12
6422,12
3766,12
1115,12
3175,12
1287,12
3001,12
5584,12
540,12
4924,12
1807,12
6180,12
4906,12
4557,12
1824,12
3894,12
5019,12
4429,12
4783,12
3566,12
6946,12
1571,12
5069,12
5966,12
276,12
3946,12
4047,11
6957,11
5677,11
6200,11
3732,11
5294,11
848,11
7283,11
5582,11
4520,11
3054,11
2697,11
421,11
2355,11
866,11
6978,11
4150,11
2341,11
4216,11
4176,11
4328,11
1512,11
3994,11
5909,11
4872,11
2326,11
5342,11
3387,11
247,11
1938,11
510,11
6710,11
4890,11
4575,11
3818,11
7134,11
3791,11
1739,11
4818,11
1645,11
3112,11
206,11
2946,11
4962,11
1908,11
3645,11
2306,11
2364,11
4438,11
3975,11
3032,11
3499,11
4350,11
3639,11
436,11
5120,11
353,11
5960,11
3152,11
5889,11
6019,11
4193,11
1284,11
5487,11
3852,11
306,11
5621,11
5405,11
5453,11
3589,11
4756,11
6904,11
1068,11
727,11
4923,11
5523,11
5322,11
6028,11
5880,11
5288,11
4790,11
4124,11
5663,11
4090,11
3827,11
2392,11
4609,11
4251,11
5090,11
6828,11
7011,11
4934,11
3435,11
4588,11
19,11
5392,11
5345,11
4656,11
1529,11
5903,11
3316,11
1732,11
3164,11
3619,11
6551,11
5410,11
4980,11
4629,11
2210,11
4256,11
2955,11
3575,11
3752,11
2142,11
3073,11
2074,11
4684,11
2252,11
4118,11
6682,11
4958,11
3194,11
5320,11
3241,11
4826,11
6211,11
1116,11
184,11
592,11
4676,11
3765,11
1619,11
6309,11
1870,11
4068,11
3479,11
5372,11
5727,11
6515,11
2194,11
2832,11
5183,11
2529,11
4750,11
557,11
4823,11
877,11
6486,11
1874,11
6598,11
6263,11
1650,11
5646,11
186,11
537,11
4560,11
3778,11
1692,11
4717,11
7028,11
3934,11
3793,11
3691,11
2809,11
2381,11
2890,11
5759,11
5835,11
947,11
5573,11
2031,11
5068,11
4424,11
500,11
5952,11
3790,11
1062,11
2682,11
3004,11
5619,11
5479,11
4586,11
4597,11
6945,11
6271,11
6721,11
2480,11
6171,11
280,11
1717,11
3991,11
969,11
1743,11
1683,11
3556,11
5107,11
4812,11
2495,11
1579,11
5013,11
5811,11
5665,11
4495,11
2908,11
1388,10
4490,10
1433,10
2245,10
5104,10
5033,10
3951,10
5747,10
6034,10
5147,10
5113,10
4270,10
4483,10
1675,10
4660,10
3282,10
3163,10
3634,10
2217,10
4131,10
5667,10
722,10
2578,10
1596,10
100,10
6704,10
5213,10
5554,10
5577,10
3906,10
3587,10
6447,10
5548,10
7365,10
1010,10
2795,10
6462,10
2616,10
567,10
1496,10
260,10
1471,10
5379,10
2294,10
1195,10
4368,10
4435,10
5358,10
4158,10
4405,10
5961,10
4389,10
3328,10
994,10
4662,10
6834,10
6909,10
6163,10
5425,10
4497,10
4815,10
3177,10
1494,10
4549,10
6761,10
5393,10
6071,10
4784,10
4448,10
1044,10
6073,10
4777,10
1133,10
3018,10
1735,10
4791,10
6111,10
5418,10
2862,10
4015,10
857,10
4945,10
4401,10
6798,10
5647,10
6448,10
4450,10
5580,10
6197,10
6316,10
1517,10
4053,10
3908,10
5519,10
3148,10
3854,10
876,10
4837,10
4788,10
5873,10
5969,10
6783,10
6421,10
5102,10
5115,10
3684,10
1604,10
5693,10
5630,10
5635,10
2532,10
2212,10
3592,10
5805,10
5247,10
4510,10
3740,10
5856,10
6307,10
6713,10
4761,10
6439,10
3966,10
4410,10
6046,10
2781,10
871,10
5910,10
6226,10
6325,10
5015,10
1468,10
6148,10
80,10
2456,10
6406,10
7161,10
2770,10
4484,10
5862,10
1364,10
4898,10
2765,10
4433,10
4098,10
5734,10
4400,10
5434,10
6429,10
4149,10
5713,10
626,10
4020,10
692,10
5122,10
6138,10
5219,10
5462,10
2954,10
5229,10
5761,10
2745,10
5989,10
4125,10
7387,10
5722,10
4308,10
2092,10
2336,10
3773,10
4168,10
958,10
4199,10
6618,10
5004,10
6303,10
2958,10
5270,10
6683,10
3930,10
3043,10
3315,10
7072,10
4940,10
6893,10
4221,10
3416,10
456,10
7149,10
6859,10
5257,10
5826,10
4752,10
5790,10
6846,10
5156,10
5991,10
3162,10
3768,10
5541,10
3117,10
5634,10
1863,10
2267,10
3688,10
6092,10
4601,10
1869,10
295,10
1660,10
5100,10
6499,10
2204,10
4191,10
4508,10
2266,10
1949,10
4905,10
5347,10
3322,10
3011,10
4279,10
2271,10
4288,10
1383,10
6821,10
4051,10
6328,10
6669,10
5007,10
3511,10
1430,10
3525,10
1497,10
2570,10
2936,10
5708,10
7380,10
5325,10
5467,10
6677,10
157,9
6381,9
5841,9
6650,9
3762,9
4852,9
2010,9
5146,9
3954,9
5166,9
5344,9
5507,9
7126,9
895,9
4833,9
7272,9
4300,9
5275,9
1762,9
237,9
3706,9
2191,9
6014,9
6464,9
3258,9
4811,9
3324,9
7094,9
1267,9
2015,9
5614,9
5150,9
5626,9
3770,9
1643,9
6983,9
6711,9
5565,9
5967,9
6876,9
4393,9
5359,9
5036,9
6442,9
6967,9
2300,9
4809,9
4698,9
5455,9
2655,9
2948,9
3936,9
2684,9
6262,9
4649,9
5197,9
5316,9
6453,9
6265,9
7408,9
5691,9
5021,9
6224,9
7055,9
5726,9
3333,9
6413,9
6246,9
6040,9
6407,9
1042,9
1033,9
3498,9
6585,9
4994,9
4900,9
5792,9
6593,9
1239,9
4229,9
4404,9
1245,9
5355,9
4903,9
1838,9
2121,9
5834,9
4899,9
5553,9
3395,9
6970,9
1409,9
6238,9
5429,9
2098,9
3921,9
1730,9
5717,9
6525,9
5866,9
3503,9
6559,9
1535,9
3696,9
6441,9
4537,9
418,9
3523,9
5318,9
1008,9
5945,9
4136,9
6363,9
6206,9
4327,9
131,9
3376,9
5030,9
3756,9
5371,9
5193,9
7188,9
6067,9
2686,9
2181,9
5186,9
6709,9
4387,9
1510,9
6048,9
4526,9
3847,9
3260,9
407,9
3675,9
6174,9
4042,9
1488,9
246,9
3744,9
6624,9
3036,9
5529,9
4653,9
1856,9
4695,9
3133,9
4063,9
4611,9
3321,9
6746,9
2520,9
5864,9
5490,9
5349,9
6969,9
2085,9
5775,9
5202,9
162,9
6283,9
6926,9
7070,9
3851,9
4169,9
1646,9
4037,9
50,9
2624,9
3464,9
4699,9
1081,9
4121,9
5006,9
596,9
4840,9
6098,9
4033,9
6228,9
3217,9
3262,9
3735,9
5356,9
4726,9
6438,9
6022,9
4260,9
4359,9
2371,9
7015,9
6101,9
4391,9
3449,9
4683,9
1183,9
6033,9
5815,9
4687,9
2547,9
3579,9
2048,9
6616,9
5566,9
2363,9
3470,9
4376,9
5803,9
5721,9
5446,9
6164,9
4504,9
6556,9
4550,9
4862,9
5884,9
6087,9
5108,9
4798,9
3201,9
575,9
3839,9
6444,9
3816,9
6343,9
6973,9
168,9
228,9
2198,9
7263,9
1965,9
2082,9
5157,9
2627,9
748,9
7223,9
4950,9
3642,9
1648,9
3239,9
2845,9
65,9
4055,9
2209,9
6684,9
5695,9
7376,8
5543,8
5640,8
6374,8
5397,8
5650,8
3099,8
4364,8
7065,8
2414,8
7315,8
6696,8
7533,8
6936,8
5555,8
438,8
5615,8
5920,8
7258,8
6084,8
4002,8
5174,8
3448,8
1614,8
5020,8
5699,8
5954,8
1469,8
4195,8
7023,8
25,8
5388,8
2994,8
2066,8
2319,8
6817,8
252,8
6290,8
7069,8
1716,8
4953,8
5528,8
4082,8
6423,8
2660,8
3180,8
6540,8
6822,8
4704,8
6160,8
119,8
6121,8
4639,8
4280,8
2444,8
4892,8
4547,8
6248,8
6829,8
4460,8
4338,8
6043,8
4555,8
5167,8
7153,8
5567,8
4471,8
7106,8
7248,8
7699,8
4759,8
4907,8
6613,8
4585,8
4733,8
4637,8
5204,8
7901,8
4314,8
2377,8
6203,8
180,8
3715,8
7155,8
6371,8
1948,8
4486,8
3375,8
5846,8
5331,8
4480,8
4066,8
6305,8
6288,8
4616,8
4171,8
3941,8
1453,8
4652,8
4335,8
2164,8
7091,8
3571,8
6021,8
5323,8
7111,8
5753,8
5786,8
798,8
3636,8
4061,8
4038,8
5503,8
6583,8
6142,8
5510,8
1257,8
5833,8
5611,8
2441,8
5672,8
6284,8
505,8
6836,8
6318,8
669,8
3421,8
4933,8
1584,8
931,8
6031,8
4345,8
5598,8
3794,8
6776,8
4936,8
5636,8
5140,8
4645,8
2700,8
2687,8
2538,8
7535,8
4085,8
1918,8
5814,8
5537,8
7943,8
3952,8
2855,8
6131,8
6570,8
1605,8
5654,8
5628,8
4210,8
5709,8
2881,8
7135,8
6597,8
3411,8
5874,8
6338,8
6925,8
4384,8
6079,8
7399,8
5350,8
5468,8
3998,8
6204,8
1446,8
4227,8
6534,8
1613,8
6715,8
5305,8
6161,8
2323,8
7231,8
6069,8
3731,8
5742,8
2688,8
2382,8
6856,8
2673,8
2449,8
4427,8
4863,8
1509,8
2837,8
3885,8
2339,8
6085,8
6049,8
4997,8
4796,8
6455,8
4610,8
7702,8
173,8
5057,8
2732,8
53,8
6943,8
5228,8
6054,8
1419,8
3171,8
6806,8
330,8
5888,8
2539,8
5513,8
352,8
4072,8
4151,8
4564,8
3514,8
840,8
7481,8
5035,8
2302,8
3286,8
1473,8
67,8
5280,8
5670,8
2148,8
5756,8
2866,8
5745,8
3483,8
6569,8
5783,8
5003,8
5116,8
1545,8
2647,8
5369,8
5974,8
5027,8
2824,8
6571,8
4375,8
5351,8
7057,8
1758,8
6638,8
4377,8
5370,8
4366,8
5241,8
6596,8
4018,8
5993,8
1885,8
2704,8
3131,8
7005,8
4436,8
4630,8
5837,8
3289,8
4462,8
6117,8
5526,8
7255,8
1489,8
2629,8
7107,8
7683,8
3774,8
6508,8
7412,8
1677,8
6426,8
6264,8
7115,8
5719,8
6553,8
3808,8
5643,8
1316,8
3888,8
3660,8
4369,8
1243,8
6375,8
7368,8
4914,8
1586,8
3745,8
4697,8
6476,8
5494,8
5900,8
5764,8
3223,8
5017,8
6663,8
4568,8
6988,8
3044,8
6645,8
4417,7
5448,7
6215,7
7791,7
3769,7
6733,7
4865,7
2448,7
7651,7
4563,7
6658,7
3887,7
4111,7
5578,7
3669,7
2873,7
4439,7
3782,7
6601,7
1176,7
938,7
6437,7
5423,7
3656,7
7324,7
5682,7
6723,7
1055,7
4208,7
1286,7
5077,7
7716,7
479,7
5506,7
9,7
5861,7
2604,7
6688,7
7062,7
6985,7
5793,7
5982,7
5999,7
2464,7
5971,7
4353,7
5825,7
4014,7
6056,7
3520,7
1668,7
5049,7
3557,7
5885,7
3567,7
6143,7
3963,7
5828,7
4917,7
2638,7
4728,7
4492,7
4718,7
6193,7
4552,7
4621,7
2218,7
6662,7
7301,7
511,7
6257,7
5700,7
6332,7
5527,7
5431,7
5571,7
2566,7
7157,7
4561,7
221,7
5067,7
3403,7
6786,7
4751,7
2200,7
1804,7
3700,7
1995,7
523,7
359,7
2487,7
5983,7
5281,7
6076,7
7311,7
6253,7
5785,7
5698,7
6396,7
391,7
5465,7
6991,7
6522,7
2338,7
1439,7
7256,7
5362,7
3317,7
7309,7
5413,7
4973,7
740,7
5395,7
4661,7
6458,7
490,7
2292,7
4830,7
924,7
6648,7
5594,7
5618,7
1161,7
5334,7
5776,7
3453,7
4360,7
6808,7
2564,7
7609,7
6895,7
1923,7
6461,7
6077,7
5732,7
564,7
1769,7
4885,7
6537,7
3676,7
7295,7
7270,7
4373,7
6550,7
6273,7
7177,7
6575,7
6214,7
7496,7
5155,7
2175,7
1001,7
6301,7
4633,7
912,7
5668,7
7695,7
3883,7
1393,7
2735,7
3061,7
4913,7
3721,7
5272,7
5458,7
6608,7
6192,7
571,7
4009,7
1582,7
4432,7
2642,7
6906,7
917,7
6139,7
3231,7
5298,7
916,7
6398,7
6563,7
7211,7
5871,7
3578,7
6352,7
6008,7
7334,7
5029,7
6353,7
5816,7
5452,7
818,7
2964,7
2762,7
1933,7
7438,7
7039,7
5386,7
1247,7
2558,7
5200,7
7089,7
4057,7
2928,7
6685,7
5822,7
4881,7
5953,7
496,7
2393,7
2699,7
4675,7
1289,7
1103,7
7298,7
5959,7
6029,7
3071,7
5962,7
5738,7
5832,7
2513,7
6568,7
6042,7
3404,7
5751,7
6606,7
5008,7
4297,7
3058,7
4702,7
4725,7
5210,7
4093,7
6315,7
3741,7
7558,7
6695,7
6391,7
7,7
5136,7
5769,7
5215,7
6708,7
5244,7
4738,7
2815,7
5308,7
5307,7
5026,7
1725,7
7445,7
7007,7
3593,7
5422,7
6702,7
5746,7
81,7
6217,7
839,7
2723,7
6475,7
1649,7
1237,7
5687,7
7442,7
3513,7
4754,7
5587,7
5154,7
6833,7
5231,7
5593,7
1665,7
5460,7
5353,7
1934,7
6582,7
1048,7
7186,7
3247,7
4857,7
4167,7
6542,7
7383,7
1913,7
6260,7
4076,7
6848,7
6050,7
4175,7
3496,7
5038,7
5176,7
6147,7
5437,7
2572,7
5514,7
5400,7
151,7
5387,7
5765,7
4888,7
4795,7
2056,7
231,7
5808,7
5256,7
2698,7
6965,7
5868,7
2347,7
6835,7
7036,7
5198,7
6984,7
5439,7
6885,7
5572,7
5944,7
5396,7
6519,6
6136,6
2462,6
6560,6
6986,6
6952,6
3792,6
6918,6
2932,6
7482,6
2214,6
688,6
7246,6
6615,6
646,6
5428,6
6678,6
7499,6
2972,6
6126,6
6210,6
6531,6
1209,6
3554,6
356,6
3601,6
4382,6
4075,6
5491,6
5718,6
731,6
4948,6
4929,6
6989,6
6792,6
6603,6
1711,6
7495,6
4724,6
3599,6
7203,6
7688,6
2903,6
7344,6
6472,6
6955,6
3406,6
2500,6
4467,6
3481,6
7389,6
3008,6
3913,6
4931,6
7369,6
7550,6
2052,6
4787,6
7373,6
5836,6
3189,6
6459,6
6116,6
5048,6
5659,6
2885,6
6009,6
1249,6
3014,6
5710,6
6502,6
5908,6
7300,6
6274,6
5024,6
4619,6
6609,6
7201,6
6536,6
4115,6
6960,6
6045,6
4523,6
3944,6
6654,6
6594,6
5581,6
7722,6
4381,6
1669,6
2952,6
5352,6
6477,6
7639,6
3666,6
6485,6
3717,6
6653,6
5151,6
6158,6
6294,6
6330,6
6296,6
5820,6
1640,6
5407,6
7418,6
2790,6
7266,6
6934,6
7754,6
3867,6
6035,6
6619,6
4473,6
5443,6
5923,6
335,6
1351,6
2930,6
6430,6
5606,6
7042,6
7239,6
2006,6
7466,6
6747,6
2718,6
2598,6
7610,6
5980,6
843,6
7204,6
4084,6
6047,6
5924,6
7123,6
5935,6
3005,6
4819,6
1672,6
3114,6
5976,6
6532,6
6620,6
6753,6
5326,6
5827,6
5768,6
6478,6
3442,6
4578,6
7577,6
7293,6
5848,6
5771,6
3356,6
2288,6
6785,6
1889,6
7274,6
6667,6
2069,6
5943,6
6314,6
7585,6
5857,6
5094,6
6466,6
5671,6
6299,6
1562,6
4870,6
3764,6
1491,6
5447,6
4106,6
4470,6
6229,6
978,6
4196,6
2807,6
3153,6
4190,6
5376,6
1821,6
3890,6
5616,6
7194,6
6675,6
4344,6
6342,6
3616,6
5844,6
1305,6
3633,6
5692,6
6026,6
7403,6
4296,6
6003,6
6759,6
6141,6
6099,6
3257,6
6889,6
4642,6
4372,6
4146,6
3585,6
3620,6
6255,6
7436,6
6905,6
600,6
2231,6
3775,6
6010,6
4678,6
7648,6
3640,6
4679,6
7671,6
7230,6
6635,6
2808,6
41,6
4064,6
3028,6
6793,6
2370,6
7740,6
6213,6
7296,6
7799,6
2295,6
5788,6
1574,6
7257,6
7386,6
7854,6
7152,6
3986,6
7044,6
2971,6
380,6
7122,6
5939,6
7104,6
6005,6
3626,6
5101,6
6533,6
1336,6
1952,6
6366,6
7490,6
3899,6
6894,6
4185,6
7247,6
2481,6
4921,6
5892,6
3468,6
4650,6
3814,6
104,6
1547,6
4324,6
7305,6
4800,6
2926,6
5300,6
4454,6
6059,6
3965,6
7264,6
3692,6
7078,6
5704,6
6038,6
6901,6
3202,6
4897,6
6252,6
4080,6
3654,6
7470,6
6093,6
2234,6
7660,6
4163,6
6243,6
5018,6
5591,6
6676,6
6507,6
6114,6
3106,6
5207,6
2652,6
6907,6
7599,6
3853,6
5374,6
640,6
7031,6
5192,6
5895,6
4119,6
5092,6
5235,6
5683,6
4189,6
6854,6
6992,6
6493,6
3824,6
6350,6
5590,6
5821,6
5002,6
623,6
4824,6
6333,6
5327,6
4957,6
5613,6
5823,6
6599,6
2192,6
6184,6
7124,6
1059,6
3903,6
6579,6
2537,6
6425,6
5596,6
4608,6
6526,6
3195,6
4114,6
5899,6
7758,6
6574,6
7175,6
4511,6
3680,6
5894,6
1521,6
7730,6
7711,6
4341,6
1387,6
5521,6
3305,6
3156,6
5205,6
2835,6
5335,6
4987,6
6879,6
6186,6
4392,6
6287,5
546,5
6354,5
6306,5
6023,5
2022,5
3174,5
7497,5
6864,5
5956,5
6378,5
6720,5
7218,5
4920,5
5608,5
5304,5
6826,5
7360,5
6297,5
5263,5
6319,5
5902,5
7625,5
7273,5
5373,5
3249,5
830,5
2764,5
5164,5
6128,5
801,5
1823,5
7513,5
4544,5
2992,5
5724,5
4226,5
3694,5
6468,5
1219,5
6803,5
8018,5
3614,5
5346,5
4481,5
4802,5
2787,5
6355,5
6800,5
6812,5
5246,5
4546,5
5366,5
5648,5
5139,5
2622,5
6089,5
3147,5
2731,5
3410,5
7465,5
6646,5
7325,5
3051,5
4930,5
4860,5
7735,5
6270,5
6656,5
7388,5
6954,5
6940,5
2492,5
4231,5
5451,5
3799,5
5930,5
2579,5
6875,5
4952,5
7756,5
1904,5
7048,5
6572,5
7597,5
3776,5
5044,5
7222,5
2974,5
5329,5
7794,5
6951,5
3401,5
177,5
6942,5
6025,5
3538,5
1232,5
5750,5
5302,5
7113,5
1424,5
7751,5
1204,5
3562,5
4672,5
4831,5
7290,5
5936,5
6334,5
6751,5
5511,5
3240,5
4284,5
5363,5
6755,5
6719,5
5735,5
5277,5
1118,5
4414,5
7455,5
5481,5
3292,5
6376,5
6449,5
4310,5
5875,5
3537,5
6457,5
5380,5
1951,5
4295,5
334,5
5913,5
6086,5
1638,5
5368,5
5309,5
1457,5
5411,5
3232,5
6877,5
7883,5
311,5
5457,5
2802,5
6491,5
5064,5
5497,5
6823,5
6950,5
4607,5
4691,5
6244,5
3263,5
5812,5
4172,5
3961,5
7700,5
3989,5
2933,5
6379,5
7226,5
7095,5
1277,5
7458,5
4849,5
7409,5
6797,5
5328,5
4117,5
7410,5
1978,5
3336,5
7330,5
5941,5
7784,5
7320,5
2454,5
5268,5
4138,5
1631,5
5984,5
4915,5
6839,5
3485,5
2897,5
5000,5
6317,5
294,5
3609,5
5169,5
6668,5
5741,5
6881,5
5791,5
6764,5
6728,5
1290,5
4352,5
5474,5
5583,5
4104,5
5781,5
5723,5
7282,5
6415,5
5444,5
3878,5
7659,5
5929,5
5664,5
4850,5
4443,5
819,5
7116,5
7162,5
1907,5
3876,5
6001,5
5055,5
5740,5
4792,5
4700,5
7014,5
6888,5
4365,5
5987,5
4257,5
6223,5
5702,5
7646,5
6922,5
6078,5
5632,5
7366,5
2874,5
4113,5
7896,5
6474,5
3893,5
7618,5
3647,5
7130,5
4342,5
7517,5
273,5
5673,5
6241,5
7037,5
7003,5
4634,5
7624,5
6564,5
3492,5
2551,5
7749,5
6380,5
5152,5
6968,5
7439,5
1182,5
6547,5
6543,5
1427,5
2203,5
6018,5
7147,5
4184,5
1890,5
4395,5
5106,5
5642,5
4240,5
7287,5
2631,5
4991,5
6730,5
7681,5
6661,5
7090,5
5357,5
2746,5
7252,5
5226,5
5161,5
3034,5
1035,5
7178,5
4602,5
6621,5
6321,5
5831,5
6336,5
6320,5
6671,5
7302,5
7040,5
5859,5
7437,5
7833,5
6323,5
5221,5
6411,5
5824,5
6595,5
3380,5
5313,5
3748,5
6267,5
5188,5
6752,5
1023,5
7150,5
4461,5
5925,5
5330,5
5433,5
4315,5
7417,5
7840,5
2892,5
5273,5
5340,5
5696,5
2524,5
4582,5
3150,5
3275,5
5486,5
7088,5
5259,5
6335,5
4569,5
6137,5
6961,5
7792,5
6779,5
7471,5
3608,5
6235,5
4533,5
2878,5
4126,5
5223,5
6496,5
4990,5
3984,5
5483,5
4647,5
4760,5
6577,5
5916,5
5652,5
2171,5
6548,5
1459,5
7407,5
6471,5
6514,5
5922,5
7202,5
3372,5
7733,5
7468,5
6399,5
1181,5
4961,5
6251,5
5023,5
6097,5
6545,5
3560,5
1392,5
775,5
5522,5
7075,5
6523,5
4975,5
4228,5
7269,5
5680,5
5179,5
6853,5
6611,5
6108,5
6390,5
4859,5
4590,5
6240,5
6740,5
7804,5
115,5
8005,5
6445,5
6245,5
653,5
5886,5
2727,5
7297,5
5733,5
1689,5
5520,5
5245,5
6220,5
5854,5
6915,5
7576,5
5482,5
3082,5
6446,5
6373,5
4452,5
4988,5
3447,5
3457,4
5773,4
322,4
3377,4
1935,4
6015,4
2432,4
5917,4
2104,4
6198,4
3810,4
5890,4
6857,4
5870,4
7367,4
5488,4
6870,4
4416,4
7602,4
3805,4
7571,4
1300,4
7253,4
5171,4
6612,4
7450,4
7370,4
7815,4
3524,4
618,4
6852,4
1325,4
5381,4
6871,4
6479,4
4515,4
3119,4
6880,4
6903,4
7594,4
1256,4
4658,4
4241,4
7467,4
6971,4
5986,4
7316,4
6622,4
7051,4
6389,4
7166,4
7199,4
6433,4
6874,4
7621,4
1982,4
7008,4
7457,4
854,4
4265,4
3550,4
5251,4
4129,4
7411,4
5319,4
5390,4
6775,4
6435,4
3252,4
5797,4
5389,4
4127,4
7173,4
5685,4
5898,4
7774,4
6308,4
4797,4
6157,4
7713,4
7053,4
7612,4
6340,4
6605,4
6565,4
4130,4
6339,4
7345,4
5763,4
7019,4
6917,4
7608,4
7371,4
5190,4
7061,4
6657,4
6400,4
4794,4
7801,4
7356,4
4992,4
6872,4
5504,4
6249,4
4321,4
5934,4
5424,4
7626,4
7932,4
3531,4
6863,4
7413,4
7941,4
2329,4
6520,4
1258,4
7459,4
2070,4
5932,4
2654,4
3734,4
1262,4
3056,4
7750,4
7018,4
2041,4
4536,4
7405,4
7085,4
5686,4
2769,4
7377,4
7443,4
7384,4
4912,4
7690,4
2152,4
3389,4
7797,4
4943,4
5997,4
1656,4
5937,4
1423,4
7183,4
5645,4
6693,4
6892,4
3126,4
5970,4
6916,4
2851,4
7047,4
6440,4
6998,4
3455,4
4294,4
5617,4
2473,4
7402,4
7917,4
3196,4
5287,4
7664,4
5988,4
5901,4
2988,4
6118,4
4312,4
6405,4
7622,4
7568,4
5289,4
4941,4
7313,4
4851,4
4551,4
7114,4
7523,4
6739,4
1251,4
7675,4
6782,4
1238,4
6697,4
6173,4
7590,4
5690,4
5869,4
7100,4
4409,4
5624,4
4983,4
6610,4
522,4
3188,4
6153,4
5072,4
5124,4
6977,4
7206,4
6813,4
2929,4
7400,4
6832,4
7529,4
6529,4
5777,4
5142,4
1194,4
6302,4
4285,4
6404,4
4507,4
5818,4
6958,4
7654,4
6506,4
3653,4
3139,4
112,4
3446,4
5194,4
3796,4
6768,4
6456,4
6122,4
1779,4
6234,4
1367,4
7125,4
3807,4
7553,4
7034,4
1864,4
6152,4
6994,4
7462,4
5975,4
6933,4
4408,4
6996,4
6744,4
7556,4
6285,4
4003,4
7035,4
432,4
5250,4
1025,4
4879,4
6024,4
5332,4
6631,4
499,4
6277,4
4049,4
6144,4
6795,4
3110,4
508,4
4834,4
6052,4
7676,4
3173,4
4774,4
6289,4
6910,4
1959,4
6920,4
5242,4
6780,4
1794,4
5530,4
7463,4
5599,4
6849,4
7041,4
7390,4
7045,4
3981,4
6123,4
1573,4
3820,4
7294,4
3947,4
5051,4
5569,4
422,4
6488,4
5211,4
6083,4
4559,4
5001,4
6189,4
4140,4
5132,4
7613,4
5893,4
7707,4
7288,4
7487,4
5879,4
1355,4
4449,4
6011,4
6558,4
5656,4
7687,4
6503,4
7306,4
3729,4
4539,4
5478,4
7240,4
6883,4
4979,4
2416,4
6481,4
4487,4
6487,4
7714,4
4301,4
5544,4
6219,4
120,4
6566,4
1317,4
4925,4
4963,4
6417,4
7421,4
6818,4
4949,4
63,4
4587,4
7159,4
3327,4
1162,4
5576,4
4425,4
5432,4
6827,4
6358,4
6032,4
7929,4
4978,4
7543,4
6690,4
6847,4
7120,4
6538,4
4803,4
397,4
6860,4
6767,4
6070,4
6007,4
2668,4
2327,4
5525,4
6890,4
5684,4
6794,4
6789,4
5678,4
5749,4
7228,4
6104,4
684,4
7236,4
4813,4
7136,4
5489,4
4878,4
7656,4
7461,4
2844,4
7502,4
7133,4
7906,4
6370,4
7043,4
7096,4
1065,4
6190,4
4383,4
4224,4
5661,4
1354,4
5639,4
6194,4
6176,4
3445,4
6647,4
7453,4
5255,4
4074,4
5261,4
5622,4
7250,4
6279,4
2621,4
7525,4
5778,4
7628,4
4403,4
6982,4
4415,4
1144,4
5787,4
6452,4
6232,4
773,4
2084,4
3797,4
6649,4
3987,4
7441,4
6842,4
6651,4
6802,4
7691,4
7444,4
5031,4
1707,4
2752,4
6095,4
2150,4
4644,4
6623,4
2911,4
7503,4
6256,4
7033,4
3506,4
4542,4
3559,4
7672,4
2236,4
6304,4
4710,4
5947,4
7956,4
6716,4
7323,4
3136,4
4847,4
5233,4
6020,4
2129,4
5254,4
6643,4
6460,4
4716,3
2028,3
7121,3
6948,3
5271,3
2488,3
6322,3
2919,3
5729,3
6561,3
7793,3
1031,3
7623,3
7434,3
6388,3
5301,3
4534,3
7809,3
7629,3
5199,3
3551,3
6777,3
7102,3
8020,3
5492,3
7760,3
5588,3
4541,3
6770,3
7617,3
6754,3
7841,3
1722,3
5217,3
6013,3
4685,3
7678,3
226,3
7087,3
5990,3
6911,3
6919,3
4591,3
4259,3
7753,3
3228,3
6392,3
2771,3
7180,3
1601,3
7168,3
7615,3
6772,3
7200,3
7092,3
6170,3
8038,3
3716,3
3063,3
7229,3
3460,3
8023,3
7679,3
5378,3
5141,3
1767,3
6769,3
4141,3
4069,3
5675,3
7046,3
3193,3
7860,3
5310,3
7307,3
7888,3
6604,3
7850,3
5887,3
3371,3
6347,3
3668,3
2195,3
7060,3
7006,3
6614,3
7052,3
7097,3
4868,3
7210,3
4670,3
7635,3
5694,3
3237,3
3484,3
6372,3
3841,3
7093,3
6692,3
7788,3
6861,3
3098,3
5561,3
7338,3
5216,3
6630,3
2455,3
3812,3
6465,3
6869,3
7170,3
2779,3
6862,3
6454,3
6758,3
7557,3
6634,3
7606,3
4243,3
2939,3
4918,3
7416,3
7480,3
4323,3
6130,3
8056,3
7976,3
7289,3
7653,3
7224,3
7593,3
7935,3
7767,3
4358,3
5760,3
2273,3
7428,3
7280,3
7164,3
7604,3
7349,3
7866,3
7030,3
2985,3
4306,3
4748,3
6652,3
5891,3
4624,3
6900,3
6424,3
7630,3
6112,3
5182,3
4729,3
7284,3
4351,3
5653,3
7419,3
7127,3
5701,3
7489,3
6483,3
7738,3
2003,3
6063,3
7877,3
7704,3
7779,3
7884,3
6539,3
5800,3
6030,3
3405,3
5964,3
4496,3
6107,3
6949,3
2047,3
5955,3
7326,3
5394,3
1927,3
7696,3
6000,3
7171,3
5253,3
7129,3
7131,3
7197,3
6691,3
4252,3
3819,3
6269,3
3834,3
3476,3
5538,3
4631,3
7447,3
5531,3
2634,3
7596,3
3753,3
4620,3
4524,3
3621,3
7342,3
313,3
4674,3
5512,3
6694,3
6266,3
7761,3
1034,3
6748,3
7331,3
6331,3
6082,3
2987,3
7145,3
2565,3
2865,3
7583,3
6341,3
6699,3
5707,3
6741,3
7426,3
6625,3
5926,3
6600,3
5629,3
608,3
7551,3
4989,3
6385,3
3881,3
7299,3
7244,3
7972,3
2871,3
4317,3
7451,3
1137,3
4078,3
7492,3
7022,3
3037,3
5843,3
3542,3
6293,3
5849,3
6749,3
7452,3
6629,3
4659,3
7435,3
7868,3
4996,3
7108,3
2366,3
4354,3
7824,3
6644,3
7050,3
7715,3
7762,3
7304,3
2828,3
7999,3
7329,3
7706,3
6156,3
7697,3
7109,3
6956,3
920,3
7209,3
1323,3
4780,3
4910,3
7769,3
4614,3
7195,3
6706,3
7141,3
7739,3
7192,3
6778,3
7020,3
7397,3
6843,3
5412,3
6467,3
4356,3
6788,3
6921,3
531,3
7805,3
7527,3
1314,3
7191,3
7310,3
2008,3
7532,3
5905,3
7232,3
2253,3
6345,3
6205,3
2282,3
6791,3
7939,3
5996,3
632,3
5882,3
6617,3
7563,3
4139,3
7079,3
7242,3
5867,3
7353,3
7067,3
7542,3
3858,3
589,3
6492,3
756,3
7548,3
7768,3
4304,3
5586,3
5715,3
885,3
7002,3
7506,3
7720,3
532,3
5784,3
7581,3
553,3
4488,3
7137,3
4267,3
5896,3
6935,3
6944,3
7217,3
6868,3
4998,3
5148,3
7483,3
5883,3
7657,3
7578,3
5878,3
7084,3
3386,3
3787,3
4714,3
6809,3
7118,3
5445,3
4827,3
7430,3
7286,3
6981,3
2451,3
7395,3
7655,3
3539,3
4686,3
5471,3
6642,3
2521,3
6659,3
7415,3
7332,3
4476,3
7355,3
5085,3
5600,3
7771,3
5688,3
4275,3
5145,3
7477,3
6431,3
5196,3
4778,3
2094,3
7620,3
5117,3
6412,3
4347,3
3215,3
6743,3
7169,3
6805,3
5568,3
7385,3
4287,3
4394,3
5292,3
6494,3
7446,3
7460,3
7422,3
2811,3
3755,3
4160,3
6731,3
6081,3
5697,3
6867,3
6159,3
5032,3
5958,3
7855,3
7528,3
7396,3
5260,3
7241,3
6591,3
4245,3
7357,3
6272,3
7429,3
7892,3
7351,3
5716,3
4765,3
2206,3
4743,3
3363,3
6346,3
5383,3
6281,3
5430,3
6727,3
6703,3
7575,3
8039,3
6801,3
4598,3
7219,3
7017,3
2479,3
3553,3
4346,3
7736,3
5119,3
2901,3
6208,3
6816,3
4895,3
5597,3
1063,3
7934,3
4603,3
6567,3
6497,3
7902,3
3438,3
7336,3
6670,3
5957,3
6103,3
279,3
7431,3
4772,3
6427,3
7686,3
7589,3
7652,3
5860,3
1616,3
6125,3
5545,3
3786,3
5907,3
6698,3
6562,3
2734,3
7903,3
7456,3
4828,3
6361,3
7592,3
7478,3
6434,3
7277,3
7379,3
7611,3
4893,3
548,3
6763,3
7475,3
6855,3
1090,3
7424,3
6807,3
6066,3
7731,2
6636,2
7347,2
6254,2
5603,2
7488,2
6975,2
6633,2
7727,2
7119,2
7476,2
5660,2
7190,2
7946,2
6700,2
299,2
6587,2
7066,2
5539,2
3667,2
5601,2
7000,2
7601,2
7954,2
7179,2
6912,2
6145,2
7701,2
7140,2
7354,2
5842,2
2741,2
4804,2
7952,2
7658,2
4205,2
6734,2
7254,2
4444,2
5809,2
6162,2
4810,2
7979,2
4162,2
879,2
6102,2
3801,2
7518,2
6959,2
6365,2
4447,2
7649,2
6004,2
5881,2
7876,2
983,2
7276,2
8002,2
6268,2
3900,2
6168,2
4092,2
8060,2
7086,2
7728,2
7813,2
6742,2
6851,2
1358,2
1149,2
7327,2
5153,2
4869,2
6896,2
6964,2
4595,2
6428,2
6937,2
7634,2
7776,2
4842,2
6810,2
7001,2
7540,2
7645,2
7924,2
7172,2
7632,2
7619,2
7516,2
6261,2
549,2
6280,2
7142,2
3253,2
7314,2
892,2
5973,2
4050,2
7181,2
7856,2
7745,2
7638,2
7182,2
7322,2
1681,2
7505,2
6679,2
2708,2
6480,2
4302,2
5977,2
6799,2
6127,2
7221,2
4206,2
7494,2
2227,2
5689,2
5754,2
7800,2
7913,2
7485,2
7832,2
8047,2
2575,2
5473,2
7392,2
6993,2
7834,2
3165,2
7836,2
3720,2
6541,2
5758,2
7573,2
6878,2
2782,2
6689,2
6166,2
8028,2
7814,2
7721,2
6360,2
7949,2
5574,2
7732,2
3561,2
6298,2
7605,2
7335,2
8073,2
2576,2
7261,2
3248,2
5946,2
7509,2
6686,2
5589,2
6237,2
6053,2
4001,2
6549,2
7968,2
7167,2
3497,2
5518,2
6498,2
7064,2
7432,2
5476,2
387,2
5114,2
7049,2
7346,2
6154,2
4430,2
8088,2
7058,2
7238,2
5178,2
6976,2
7544,2
7333,2
6581,2
7151,2
4219,2
5813,2
4562,2
7265,2
7969,2
4871,2
7143,2
7787,2
5949,2
4856,2
6707,2
6055,2
7024,2
7685,2
5631,2
7059,2
3432,2
4853,2
3598,2
2674,2
4902,2
7303,2
5501,2
5163,2
4477,2
5927,2
4711,2
7773,2
7743,2
7734,2
6705,2
7808,2
6528,2
6510,2
7823,2
3350,2
2856,2
4741,2
5047,2
8103,2
7464,2
6012,2
3374,2
7193,2
6482,2
7423,2
7110,2
7993,2
7795,2
6858,2
5499,2
7501,2
7237,2
3472,2
5438,2
8014,2
5365,2
2852,2
5711,2
6681,2
7747,2
657,2
2889,2
7291,2
7765,2
5714,2
7474,2
7789,2
7521,2
6736,2
7953,2
7861,2
5459,2
6225,2
5212,2
3698,2
5391,2
5022,2
6473,2
7187,2
6824,2
5992,2
7339,2
6037,2
3869,2
4458,2
5214,2
7534,2
5111,2
6401,2
7698,2
1214,2
6584,2
7251,2
7584,2
3121,2
5409,2
7350,2
7068,2
7859,2
7025,2
4965,2
6258,2
6962,2
6930,2
7689,2
4593,2
7010,2
7709,2
7449,2
6064,2
8037,2
2434,2
7235,2
4894,2
6576,2
7644,2
6923,2
6348,2
3927,2
682,2
7821,2
6717,2
7391,2
4570,2
4877,2
6724,2
7139,2
7378,2
6722,2
7212,2
7208,2
7515,2
7099,2
6602,2
7603,2
3651,2
1602,2
7796,2
7955,2
7643,2
5062,2
7978,2
3508,2
7196,2
3644,2
7582,2
6725,2
6552,2
4884,2
6544,2
6640,2
973,2
7669,2
7847,2
1026,2
7555,2
7083,2
5172,2
7547,2
3385,2
5858,2
1568,2
7848,2
6555,2
4530,2
6386,2
4012,2
7574,2
7361,2
7785,2
5795,2
6300,2
4521,2
6216,2
4938,2
7174,2
5938,2
433,2
7526,2
7661,2
3391,2
6408,2
3722,2
7508,2
7945,2
7893,2
7531,2
3319,2
5360,2
5505,2
6051,2
7536,2
6513,2
6432,2
6865,2
7440,2
6387,2
1449,2
7520,2
6395,2
7549,2
7484,2
6766,2
6811,2
7694,2
5129,2
6979,2
7098,2
980,2
6500,2
7719,2
7245,2
7038,2
7561,2
7944,2
7077,2
5829,2
2137,2
7987,2
4721,2
6718,2
5472,2
7965,2
5338,2
5297,2
7872,2
6221,2
7027,2
7138,2
566,2
377,2
5093,2
8017,2
6887,2
5669,2
7144,2
2606,2
5303,2
7843,2
5706,2
2692,2
652,2
7572,2
5290,2
5466,2
7827,2
460,2
5315,2
5508,2
7845,2
7862,2
8078,2
2967,2
7425,2
7726,2
7156,2
7757,2
7215,2
7631,2
4274,2
7404,2
7146,2
5065,2
6947,2
6094,2
7012,2
7627,2
7545,2
5845,2
6394,2
7032,2
6891,2
3423,2
2440,2
8041,1
8069,1
7916,1
7865,1
7905,1
4622,1
6191,1
7920,1
6490,1
6236,1
8107,1
8031,1
7633,1
7717,1
7959,1
7988,1
5979,1
7933,1
7693,1
7879,1
7718,1
7703,1
3950,1
8070,1
7538,1
7662,1
5496,1
1721,1
8007,1
6897,1
7781,1
6938,1
7117,1
7227,1
5744,1
7871,1
7512,1
7798,1
2453,1
3709,1
8034,1
6886,1
6100,1
5128,1
655,1
7260,1
7598,1
6310,1
7830,1
3424,1
5904,1
7927,1
6898,1
8040,1
6312,1
7433,1
7163,1
5801,1
7842,1
7723,1
6590,1
7486,1
7912,1
6665,1
8061,1
7398,1
7510,1
4235,1
8086,1
7858,1
7074,1
4939,1
7964,1
7838,1
6501,1
6349,1
3205,1
7637,1
7829,1
7401,1
6844,1
7923,1
6362,1
7448,1
7985,1
1241,1
7790,1
2515,1
6275,1
4715,1
6626,1
5796,1
7863,1
7318,1
401,1
7340,1
6484,1
7666,1
8112,1
6410,1
8052,1
7742,1
7569,1
8013,1
7936,1
7640,1
6781,1
7243,1
7931,1
2429,1
7491,1
7112,1
7990,1
7851,1
8087,1
7677,1
7207,1
4343,1
7268,1
8063,1
5415,1
7103,1
7507,1
7595,1
4501,1
7778,1
6963,1
6627,1
6242,1
6825,1
5403,1
6436,1
7063,1
7328,1
3488,1
5321,1
7154,1
7846,1
7524,1
5981,1
7076,1
7539,1
3415,1
2880,1
6511,1
6592,1
7185,1
6419,1
6953,1
8015,1
4744,1
7938,1
6819,1
7614,1
7292,1
7867,1
7957,1
8082,1
6972,1
7908,1
8093,1
5994,1
7737,1
5333,1
6230,1
7673,1
3570,1
7165,1
6119,1
6326,1
7780,1
7915,1
6841,1
6666,1
2395,1
8097,1
6169,1
4123,1
4239,1
6932,1
6814,1
6495,1
8012,1
435,1
5498,1
7559,1
6109,1
6397,1
816,1
693,1
2868,1
2543,1
6505,1
6470,1
7950,1
7772,1
8044,1
8054,1
6745,1
7766,1
7825,1
8009,1
7216,1
6091,1
7469,1
7029,1
7364,1
6990,1
3902,1
7588,1
8048,1
8068,1
4821,1
7874,1
6061,1
7514,1
2804,1
7454,1
7382,1
8062,1
5620,1
7271,1
7591,1
5110,1
7849,1
8065,1
7958,1
7567,1
7989,1
5050,1
8081,1
7881,1
7942,1
8106,1
7278,1
7919,1
7566,1
7930,1
7991,1
6757,1
7712,1
7894,1
7341,1
8100,1
7828,1
4641,1
8042,1
7372,1
7537,1
6804,1
5532,1
7586,1
7725,1
6209,1
7220,1
4232,1
7741,1
7775,1
8094,1
8092,1
8067,1
6588,1
7900,1
7970,1
5375,1
7764,1
7420,1
7997,1
8001,1
8006,1
4525,1
7910,1
7770,1
7267,1
7922,1
3728,1
6790,1
5817,1
5076,1
7259,1
5382,1
6202,1
6134,1
4173,1
6546,1
6509,1
7213,1
6356,1
7519,1
7759,1
3802,1
7682,1
6516,1
6787,1
7472,1
7763,1
6146,1
6660,1
7511,1
7647,1
8045,1
8024,1
6902,1
6701,1
6041,1
6188,1
6554,1
7899,1
6218,1
1666,1
7967,1
7909,1
4735,1
1532,1
7786,1
7105,1
5087,1
5236,1
7948,1
6105,1
7748,1
6796,1
5135,1
7674,1
6674,1
7026,1
5877,1
4942,1
7500,1
3033,1
7317,1
7580,1
7013,1
7493,1
8029,1
5144,1
6416,1
6201,1
3701,1
7724,1
7873,1
7960,1
7940,1
7755,1
7963,1
5770,1
7560,1
1988,1
6337,1
7705,1
8064,1
7319,1
7562,1
6735,1
7887,1
8072,1
8104,1
7966,1
5224,1
8105,1
286,1
6673,1
7205,1
8051,1
4334,1
8090,1
6324,1
5965,1
6914,1
7352,1
6966,1
1661,1
6726,1
6924,1
7977,1
3777,1
8036,1
7777,1
2894,1
6637,1
445,1
8102,1
7819,1
7021,1
6420,1
7214,1
8109,1
2838,1
1679,1
7802,1
2632,1
7752,1
683,1
7710,1
6175,1
7692,1
7381,1
7822,1
7375,1
6414,1
7225,1
6641,1
3137,1
7321,1
6760,1
823,1
7826,1
7680,1
8084,1
7820,1
8120,1
6286,1
7132,1
6837,1
6589,1
5071,1
7479,1
7665,1
1119,1
7233,1
7081,1
7818,1
3916,1
6765,1
7285,1
6931,1
7541,1
4926,1
7158,1
4773,1
5931,1
7904,1
7427,1
6573,1
7803,1
8000,1
7971,1
7343,1
7004,1
7992,1
7473,1
7810,1
8113,1
7982,1
6231,1
8071,1
7812,1
8077,1
6222,1
6377,1
7994,1
7973,1
7975,1
8117,1
